{"count":12,"results":[{"id":1,"name":"Introduction to Challenges","description":"The (highly) recommended order to complete the challenges is\r\n**Wireshark -> Web -> 5G API**\r\n\r\nThe flag for this challenge is open5gs{example_flag}.\r\n","max_attempts":0,"value":5,"category":"","type":"standard","state":"visible","requirements":null,"connection_info":null,"next_id":null,"attribution":"None"},{"id":3,"name":"Web 1","description":"Get the subscriber key of the user with IMSI number 999700000000002","max_attempts":0,"value":10,"category":"Web","type":"standard","state":"visible","requirements":null,"connection_info":null,"next_id":null,"attribution":null},{"id":4,"name":"Web 2","description":"There is a web portal only accessible to mobile subscribers. Get the flag from the /hello.php page. \r\n\r\nFree hint 1: Refer to pcap file in UE Connection challenge.\r\nFree hint 2: Refer to pcap file in AMF 1 challenge.","max_attempts":0,"value":10,"category":"Web","type":"standard","state":"visible","requirements":{"prerequisites":[3]},"connection_info":null,"next_id":null,"attribution":"None"},{"id":5,"name":"UDM 1","description":"UDM has a API endpoint in the format of \r\n> {\"subscribedUeAmbr\":{\"uplink\":\"XXXXXXX Kbps\",\"downlink\":\" XXXXXXX Kbps\"},\"nssai\":{\"defaultYYYYYYNssais\":[{\"sst\":1,\"sd\":\"ZZZZZZ\"}]}}. \r\n\r\nThe flag is in the format open5gs{XXXXXXX-YYYYYY-ZZZZZZ}.\r\n","max_attempts":0,"value":10,"category":"5G API","type":"standard","state":"visible","requirements":null,"connection_info":null,"next_id":null,"attribution":null},{"id":6,"name":"AUSF 1","description":"AUSF has an API endpoint in the format of \r\n\r\n> {\"authType\":\"5GAKA\",\"5gAuthData\":{\"XXXX\":\"beec69bf428fcb06465ae5c0e162800f\",\"YYYYYYYYY\":\"9867ce4eff20a2e5147b45da103c02f4\",\"autn\":\"5385c0fe2c53800062510699f358940f\"},\"_links\":{\"5g-aka\":{\"href\":\"hxxp://10.1.198.156:ZZZZ/nausf-auth/v1/ue-authentications/3/5g-aka-confirmation\"}}}\r\n\r\nThe flag is in the format of open5gs{XXXX-YYYYYYYYY-ZZZZ}.\r\n","max_attempts":0,"value":10,"category":"5G API","type":"standard","state":"visible","requirements":null,"connection_info":null,"next_id":null,"attribution":null},{"id":7,"name":"Web 3","description":"Get access to the web portal pod and find the flag from a php page in /var/www/html. ","max_attempts":0,"value":10,"category":"Web","type":"standard","state":"visible","requirements":{"prerequisites":[3,4]},"connection_info":null,"next_id":null,"attribution":null},{"id":8,"name":"NRF 1","description":"One of the NRF endpoints allows us to retrieve a collection of all running NF instances. \r\n\r\nAn example output would be \r\n> {\"_links\":{\"items\":[{\"href\":\"hxxp://10.1.198.157:7777/XXXX-XXX/YY/ZZ-ZZZZZZZZZ/89b2c106-7013-41ef-9a04-15c3e6eb4652\"},\u2026\u2026\u2026\u2026],\"self\":{\"href\":\"hxxp://10.1.198.157:7777/XXXX-XXX/YY/ZZ-ZZZZZZZZZ\"}}}\r\n\r\nFind out what \u201cXXXX-XXX/YY/ZZ-ZZZZZZZZZ\u201d is. \r\n\r\nThe flag is in the format of open5gs{XXXX-XXX-YY-ZZ- ZZZZZZZZZ}\r\n","max_attempts":0,"value":10,"category":"5G API","type":"standard","state":"visible","requirements":null,"connection_info":null,"next_id":null,"attribution":null},{"id":9,"name":"NRF 2","description":"The NF Discovery Service is used by all other Network Functions to find and locate Services that they need in order to operate. Get information about the SMF.  \r\n\r\nAn example output is \r\n> {\"validityPeriod\":XXXX,\"nfInstances\":[{\"nfInstanceId\":\"85b6f694-7013-41ef-ad92-a9275b2ec687\",\"nfType\":\"SMF\",\"nfStatus\":\"REGISTERED\",\"heartBeatTimer\":YY,\"plmnList\":[{\"mcc\":\"999\",\"mnc\":\"70\"}],\"ipv4Addresses\":[\"10.1.198.188\"],\"allowedNfTypes\":[\"SCP\",\"AMF\"],\"priority\":0,\"capacity\":100,\"load\":0,\"nfServices\":[{\"serviceInstanceId\":\"8604c98c-7013-41ef-ad92-a9275b2ec687\",\"serviceName\":\"nsmf-pdusession\",\"versions\":[{\"apiVersionInUri\":\"v1\",\"apiFullVersion\":\"1.0.0\"}],\"scheme\":\"http\",\"nfServiceStatus\":\"REGISTERED\",\"ipEndPoints\":[{\"ipv4Address\":\"10.1.198.188\",\"port\":7777}],\"allowedNfTypes\":[\"AMF\"],\"priority\":0,\"capacity\":ZZZ,\"load\":0}],\"nfProfileChangesSupportInd\":true}]} \r\n\r\nThe flag is in the format of open5gs{XXXX-YY-ZZZ}.\r\n","max_attempts":0,"value":10,"category":"5G API","type":"standard","state":"visible","requirements":null,"connection_info":null,"next_id":null,"attribution":null},{"id":10,"name":"UDR 1","description":"Get subscription data for imsi-999700000000001 from the UDR. \r\n\r\nAn example output is \r\n>{\"authenticationMethod\":\"5G_AKA\",\"XXXXXXXXXXXXXX\":\"465b5ce8b199b49faa5f0a2ee238a6bc\",\"sequenceNumber\":{\"sqn\":\"000000000081\"},\"authenticationManagementField\":\"8000\",\"encOpcKey\":\"YYYYYYYYYYYYYYYYYYYYYYYYYYYYYYYYY\"}\r\n\r\nFlag format is open5gs{XXXXXXXXXXXXXX-YYYYYYYYYYYYYYYYYYYYYYYYYYYYYYYYY}\r\n","max_attempts":0,"value":10,"category":"5G API","type":"standard","state":"visible","requirements":null,"connection_info":null,"next_id":null,"attribution":null},{"id":11,"name":"UE Connection","description":"Find the supi of the UE that connected to the network in the pcap file.","max_attempts":0,"value":10,"category":"Wireshark","type":"standard","state":"visible","requirements":null,"connection_info":null,"next_id":null,"attribution":"None"},{"id":12,"name":"AMF 1","description":"An attacker has carried out a DoS attack on a UE since the AMF port is exposed.\r\nFind the corresponding packet.\r\n","max_attempts":0,"value":10,"category":"Wireshark","type":"standard","state":"visible","requirements":null,"connection_info":null,"next_id":null,"attribution":null},{"id":14,"name":"About 5G API Challenges","description":"The 5G API challenges requires you to query endpoints of network functions that are exposed through NodePorts. (Highly recommended to complete Web Challenges first)\r\n\r\nCorrect API queries will receive an output by Open5GS, and parts of the reply will form the flag. \r\n\r\nFor example, the output is *b'{\"nfInstances\":[]}'*.\r\nThe challenge states that the expected output is *b'{\"XXInstances\":[]}'* and the flag is open5gs{XX}.\r\n\r\nThe correct flag would be open5gs{nf}\r\n","max_attempts":0,"value":5,"category":"5G API","type":"standard","state":"visible","requirements":null,"connection_info":null,"next_id":null,"attribution":""}],"meta":{}}