{"count":11,"results":[{"id":1,"challenge_id":1,"type":"static","content":"open5gs{example_flag}","data":""},{"id":2,"challenge_id":3,"type":"static","content":"open5gs{465B5CE8B199B49FAA5F0A2EE238A6BC}","data":""},{"id":3,"challenge_id":4,"type":"static","content":"open5gs{4ui4ukd5icummo75rr6r96l1e}","data":""},{"id":4,"challenge_id":5,"type":"static","content":"open5gs{1000000-Single-111111}","data":"case_insensitive"},{"id":5,"challenge_id":6,"type":"static","content":"open5gs{randhxresStar7777}","data":"case_insensitive"},{"id":6,"challenge_id":7,"type":"static","content":"open5gs{r3ak3mw7jvk67r4eyn0hjhpvh}","data":""},{"id":7,"challenge_id":8,"type":"static","content":"open5gs{nnrf-nfm-v1-nf-instances}","data":"case_insensitive"},{"id":8,"challenge_id":9,"type":"static","content":"open5gs{3600-10-100}","data":"case_insensitive"},{"id":9,"challenge_id":10,"type":"static","content":"open5gs{encPermanentKey-e8ed289deba952e4283b54e88e6183ca}","data":"case_insensitive"},{"id":10,"challenge_id":11,"type":"static","content":"open5gs{imsi-999705678123492}","data":"case_insensitive"},{"id":11,"challenge_id":12,"type":"static","content":"open5gs{UE_DOS_s9873f7sd}","data":"case_insensitive"}],"meta":{}}