{"count":3,"results":[{"id":4,"challenge_id":3,"user_id":2,"team_id":null,"ip":"192.168.137.129","provided":"open5gs{465B5CE8B199B49FAA5F0A2EE238A6BC}","type":"correct","date":"2024-09-05T06:21:50.828740"},{"id":5,"challenge_id":1,"user_id":2,"team_id":null,"ip":"192.168.137.129","provided":"open5gs{exampale_flag}","type":"incorrect","date":"2024-09-12T02:04:43.957800"},{"id":6,"challenge_id":14,"user_id":2,"team_id":null,"ip":"192.168.137.129","provided":"open5gs{nf}","type":"correct","date":"2024-09-18T15:04:10.615832"}],"meta":{}}