{"count":7,"results":[{"id":1,"type":null,"ip":"172.19.0.1","user_id":1,"date":"2024-09-15T13:27:39.950244"},{"id":2,"type":null,"ip":"172.19.0.1","user_id":2,"date":"2024-09-04T02:41:39.646152"},{"id":3,"type":null,"ip":"192.168.137.129","user_id":2,"date":"2024-09-18T15:04:10.515520"},{"id":4,"type":null,"ip":"192.168.137.129","user_id":1,"date":"2024-09-19T04:10:04.131889"},{"id":5,"type":null,"ip":"192.168.40.1","user_id":3,"date":"2024-09-23T08:11:27.661876"},{"id":6,"type":null,"ip":"192.168.40.1","user_id":1,"date":"2024-09-23T08:39:42.313358"},{"id":7,"type":null,"ip":"192.168.40.153","user_id":1,"date":"2024-09-23T08:17:19.928656"}],"meta":{}}