{"count":3,"results":[{"id":1,"oauth_id":null,"name":"admin","password":"$bcrypt-sha256$v=2,t=2b,r=12$pL531aMuHi91pWHKT9qaM.$mG1GBj9XZejjR5zbBUxwuwEN4O.Utby","email":"admin@admin.com","type":"admin","secret":null,"website":null,"affiliation":null,"country":null,"hidden":1,"banned":0,"verified":0,"team_id":null,"created":"2024-09-04T02:24:38.068619","language":null,"bracket_id":null},{"id":2,"oauth_id":null,"name":"user1","password":"$bcrypt-sha256$v=2,t=2b,r=12$S.YCvYRL5Y0FlRF59zroI.$trt/Z.UM4N1FrsIuivD/qXVIxtUuXea","email":"user1@email.com","type":"user","secret":null,"website":null,"affiliation":null,"country":null,"hidden":0,"banned":0,"verified":1,"team_id":null,"created":"2024-09-04T02:41:04.585980","language":null,"bracket_id":null},{"id":3,"oauth_id":null,"name":"123","password":"$bcrypt-sha256$v=2,t=2b,r=12$.j/2faZwMWsvEYX12ym07e$qYJ8fXTaJ7MEY5KoKk1NJIMVJ9Hnng.","email":"123@123.com","type":"user","secret":null,"website":null,"affiliation":null,"country":null,"hidden":0,"banned":0,"verified":0,"team_id":null,"created":"2024-09-23T08:11:27.624560","language":null,"bracket_id":null}],"meta":{}}